Workload_ID,   Src_App,   Dst_App,    App_ID,SubmitTime,Pr:StartTime,Pr:EndTime,Pr:CPUTime,   Pr:Size,Tr:StartTime,Tr:EndTime,Tr:NetworkTime,   Tr:Size,Tr:Channel,Pr:StartTime,Pr:EndTime,Pr:CPUTime,   Pr:Size,ResponseTime,
 2, 10.31.40.4, 10.31.40.3, 0, 0, 0, 0.002, 0.002, 1, 0.002, 0.002, 0, 2048, -1, 0.002, 0.004, 0.002, 1,  0.004207,
 3, 10.31.40.5, 10.31.40.3, 0, 0, 0, 0.002, 0.002, 1, 0.002, 0.05, 0.048, 2048, -1, 0.05, 0.05, 0, 1,  0.050000,
 1, 10.31.40.2, 10.31.40.3, 0, 0, 0, 0.002, 0.002, 1, 0.002, 0.08, 0.078, 2048, -1, 0.08, 0.082, 0.002, 1,  0.082307,
 0, 10.31.40.1, 10.31.40.3, 0, 0, 0, 0.002, 0.002, 1, 0.002, 0.088, 0.086, 2048, -1, 0.088, 0.09, 0.002, 1,  0.089615,
